<?xml version="1.0" encoding="utf-8"?>
<odoo>
    <!-- Patient Tree View -->
    <record id="view_patient_tree" model="ir.ui.view">
        <field name="name">medical.patient.tree</field>
        <field name="model">medical.patient</field>
        <field name="arch" type="xml">
            <tree>
                <field name="name"/>
                <field name="date_of_birth"/>
                <field name="gender"/>
                <field name="phone"/>
                <field name="blood_group"/>
            </tree>
        </field>
    </record>

    <!-- Patient Form View -->
    <record id="view_patient_form" model="ir.ui.view">
        <field name="name">medical.patient.form</field>
        <field name="model">medical.patient</field>
        <field name="arch" type="xml">
            <form>
                <sheet>
                    <group>
                        <group>
                            <field name="name"/>
                            <field name="date_of_birth"/>
                            <field name="gender"/>
                            <field name="blood_group"/>
                        </group>
                        <group>
                            <field name="phone"/>
                            <field name="email"/>
                            <field name="address"/>
                        </group>
                    </group>
                    <notebook>
                        <page string="Medical History">
                            <field name="medical_history">
                                <tree>
                                    <field name="date"/>
                                    <field name="doctor_id"/>
                                    <field name="diagnosis"/>
                                    <field name="prescription"/>
                                </tree>
                            </field>
                        </page>
                    </notebook>
                </sheet>
            </form>
        </field>
    </record>

    <!-- Medical History Form View -->
    <record id="view_medical_history_form" model="ir.ui.view">
        <field name="name">medical.history.form</field>
        <field name="model">medical.history</field>
        <field name="arch" type="xml">
            <form>
                <sheet>
                    <group>
                        <group>
                            <field name="patient_id"/>
                            <field name="date"/>
                            <field name="doctor_id"/>
                        </group>
                        <group>
                            <field name="diagnosis"/>
                            <field name="prescription"/>
                            <field name="notes"/>
                        </group>
                    </group>
                </sheet>
            </form>
        </field>
    </record>

    <!-- Menu Items -->
    <record id="medical_patient_action" model="ir.actions.act_window">
        <field name="name">Patients</field>
        <field name="res_model">medical.patient</field>
        <field name="view_mode">tree,form</field>
    </record>

    <menuitem id="menu_medical_root" name="Medical Records"/>
    <menuitem id="menu_medical_patient" parent="menu_medical_root" action="medical_patient_action"/>
</odoo>
